{
  "pretrain": {
    "train": [
      6.399374008178711,
      4.1776251792907715,
      3.9751691818237305,
      3.885550022125244,
      3.8314695358276367,
      3.788196086883545,
      3.7285940647125244,
      3.615334987640381,
      3.4655261039733887,
      3.360665798187256,
      3.258502244949341,
      3.174201726913452,
      3.0902860164642334,
      3.0364911556243896,
      2.9677300453186035,
      2.920426607131958,
      2.8650176525115967,
      2.83443546295166,
      2.8015713691711426,
      2.771655321121216,
      2.739440679550171,
      2.7190494537353516,
      2.6939785480499268,
      2.6619937419891357,
      2.650214195251465,
      2.6120638847351074,
      2.6124377250671387,
      2.5964293479919434,
      2.5658152103424072,
      2.552834987640381,
      2.5495710372924805,
      2.529249668121338,
      2.5188541412353516,
      2.5022330284118652,
      2.493635654449463,
      2.4725797176361084,
      2.4570817947387695,
      2.450662612915039,
      2.435279607772827,
      2.424609422683716,
      2.4150807857513428,
      2.4061052799224854,
      2.398409366607666,
      2.381350040435791,
      2.378765106201172,
      2.3712704181671143,
      2.361858606338501,
      2.3529553413391113,
      2.334956169128418,
      2.3211095333099365,
      2.3200042247772217,
      2.3056745529174805,
      2.299783945083618,
      2.2986562252044678,
      2.288797378540039,
      2.2874464988708496,
      2.2740252017974854,
      2.2859535217285156,
      2.2538323402404785,
      2.260925054550171,
      2.2420618534088135,
      2.2434475421905518,
      2.230250597000122,
      2.2274351119995117,
      2.2203431129455566,
      2.2128374576568604,
      2.2053282260894775,
      2.196681499481201,
      2.187371015548706,
      2.188444137573242,
      2.184800148010254,
      2.175391435623169,
      2.1696395874023438,
      2.1619720458984375,
      2.1621434688568115,
      2.156533718109131,
      2.1481266021728516,
      2.1370599269866943,
      2.1280252933502197,
      2.132326602935791,
      2.1237502098083496,
      2.1160638332366943,
      2.1111271381378174
    ],
    "val": [
      6.3979620933532715,
      4.208218574523926,
      4.043046474456787,
      3.974097967147827,
      3.9454185962677,
      3.9010708332061768,
      3.861469030380249,
      3.7549047470092773,
      3.6346402168273926,
      3.5267136096954346,
      3.423853874206543,
      3.354419231414795,
      3.2937445640563965,
      3.2412195205688477,
      3.173938274383545,
      3.1419260501861572,
      3.094545841217041,
      3.068363666534424,
      3.0262861251831055,
      3.0070788860321045,
      2.98359751701355,
      2.9736905097961426,
      2.9443981647491455,
      2.925532341003418,
      2.912290573120117,
      2.905212640762329,
      2.868626117706299,
      2.8706488609313965,
      2.8689496517181396,
      2.8521769046783447,
      2.8389968872070312,
      2.8124475479125977,
      2.820965528488159,
      2.802624225616455,
      2.8043134212493896,
      2.792948007583618,
      2.796236276626587,
      2.78885555267334,
      2.7641191482543945,
      2.7802047729492188,
      2.7736175060272217,
      2.7629714012145996,
      2.7587924003601074,
      2.749886989593506,
      2.7578513622283936,
      2.739180326461792,
      2.7532684803009033,
      2.743075370788574,
      2.7306835651397705,
      2.7390778064727783,
      2.739712715148926,
      2.7147202491760254,
      2.7251482009887695,
      2.71537446975708,
      2.7259771823883057,
      2.7250852584838867,
      2.7048776149749756,
      2.7126784324645996,
      2.7091588973999023,
      2.6970584392547607,
      2.7083728313446045,
      2.7015154361724854,
      2.704146385192871,
      2.7005341053009033,
      2.688556432723999,
      2.6951074600219727,
      2.6910903453826904,
      2.6904776096343994,
      2.7067675590515137,
      2.6797125339508057,
      2.6858391761779785,
      2.6919023990631104,
      2.6776044368743896,
      2.6847317218780518,
      2.681053400039673,
      2.691061019897461,
      2.6846730709075928,
      2.6898386478424072,
      2.683910608291626,
      2.6861987113952637,
      2.683861017227173,
      2.684342622756958,
      2.6811022758483887
    ]
  },
  "finetune": {
    "train": [
      2.8102450370788574,
      2.4322590827941895,
      2.3633430004119873,
      2.3145477771759033,
      2.270568609237671,
      2.225768804550171,
      2.1969122886657715,
      2.1547610759735107,
      2.1264946460723877,
      2.0912842750549316,
      2.0605721473693848,
      2.0329763889312744,
      2.0050432682037354
    ],
    "val": [
      2.838549852371216,
      2.834804058074951,
      2.827214241027832,
      2.8371636867523193,
      2.8429689407348633,
      2.852902889251709,
      2.8597846031188965,
      2.8685226440429688,
      2.8809359073638916,
      2.8876891136169434,
      2.897690534591675,
      2.9069817066192627,
      2.914133071899414
    ]
  }
}