{
  "pretrain": {
    "train": [
      6.421331882476807,
      3.780524253845215,
      3.260204553604126,
      2.9172582626342773,
      2.748079299926758,
      2.6198830604553223,
      2.540118932723999,
      2.4662179946899414,
      2.413084030151367,
      2.3571481704711914,
      2.3271942138671875,
      2.2866506576538086,
      2.2504689693450928,
      2.2200706005096436,
      2.1776578426361084,
      2.155233860015869,
      2.1209805011749268,
      2.086000680923462,
      2.070033311843872,
      2.036123752593994,
      2.0287466049194336,
      1.9957045316696167
    ],
    "val": [
      6.427633285522461,
      3.8994367122650146,
      3.4315667152404785,
      3.1272878646850586,
      2.9885711669921875,
      2.901365280151367,
      2.8328094482421875,
      2.7886602878570557,
      2.763554096221924,
      2.7452733516693115,
      2.7306020259857178,
      2.705662250518799,
      2.700439453125,
      2.6948046684265137,
      2.680102825164795,
      2.6917245388031006,
      2.669329881668091,
      2.6776227951049805,
      2.6806719303131104,
      2.674665927886963,
      2.6873111724853516,
      2.6909847259521484
    ]
  },
  "finetune": {
    "train": [
      2.7720837593078613,
      2.138730049133301,
      1.9379197359085083,
      1.7492412328720093,
      1.5767364501953125
    ],
    "val": [
      2.835070848464966,
      2.8624422550201416,
      2.923983097076416,
      3.0029401779174805,
      3.0891809463500977
    ]
  }
}