{
  "pretrain": {
    "train": [
      6.389529228210449,
      4.039456367492676,
      3.8768227100372314,
      3.806429147720337,
      3.7441797256469727,
      3.6076231002807617,
      3.413710832595825,
      3.2610106468200684,
      3.1368069648742676,
      3.040332317352295,
      2.959648370742798,
      2.8887765407562256,
      2.8407232761383057,
      2.783026695251465,
      2.749473810195923,
      2.721515417098999,
      2.693690299987793,
      2.649106502532959,
      2.619039535522461,
      2.597285270690918,
      2.575089454650879,
      2.5457570552825928,
      2.5400960445404053,
      2.510981559753418,
      2.5015246868133545,
      2.477195978164673,
      2.457597017288208,
      2.4425618648529053,
      2.4263558387756348,
      2.4136602878570557,
      2.392087459564209,
      2.3823981285095215,
      2.3704559803009033,
      2.353635787963867,
      2.3439788818359375,
      2.3294732570648193,
      2.321748733520508,
      2.3009729385375977,
      2.2917723655700684,
      2.2949438095092773,
      2.275566339492798,
      2.263890027999878,
      2.2579381465911865,
      2.2422711849212646,
      2.2290291786193848,
      2.232940912246704,
      2.2156424522399902,
      2.2033979892730713,
      2.199416160583496,
      2.1868531703948975,
      2.1821515560150146,
      2.1806957721710205,
      2.161473274230957,
      2.1602094173431396,
      2.139500379562378,
      2.136276960372925,
      2.1238677501678467,
      2.1194000244140625,
      2.1155855655670166,
      2.0995709896087646,
      2.090568780899048,
      2.0984020233154297,
      2.0809834003448486,
      2.072767734527588,
      2.068178176879883,
      2.0621531009674072,
      2.0584170818328857,
      2.043450355529785,
      2.043280839920044,
      2.041797399520874,
      2.0198631286621094,
      2.016875982284546,
      2.009653091430664,
      2.010669231414795,
      1.9970623254776,
      1.9858893156051636,
      1.982564091682434,
      1.9728971719741821,
      1.9737628698349,
      1.972658395767212
    ],
    "val": [
      6.388500213623047,
      4.108523368835449,
      3.984306573867798,
      3.914210319519043,
      3.8659579753875732,
      3.7477927207946777,
      3.566314458847046,
      3.435685157775879,
      3.3184385299682617,
      3.244394302368164,
      3.174690008163452,
      3.112534761428833,
      3.0647144317626953,
      3.0297646522521973,
      2.9884133338928223,
      2.956178665161133,
      2.944331169128418,
      2.9157803058624268,
      2.8860244750976562,
      2.877584218978882,
      2.8472800254821777,
      2.840306282043457,
      2.829756736755371,
      2.8150877952575684,
      2.820145845413208,
      2.7940032482147217,
      2.7856693267822266,
      2.7697501182556152,
      2.7567479610443115,
      2.75803279876709,
      2.761892795562744,
      2.747983455657959,
      2.749828577041626,
      2.730203628540039,
      2.723700761795044,
      2.7401909828186035,
      2.718581199645996,
      2.7131426334381104,
      2.70473575592041,
      2.71712064743042,
      2.709928512573242,
      2.705958843231201,
      2.6955435276031494,
      2.7007532119750977,
      2.7044830322265625,
      2.693959951400757,
      2.681303024291992,
      2.6956522464752197,
      2.6770637035369873,
      2.6805362701416016,
      2.6865344047546387,
      2.677955389022827,
      2.6908669471740723,
      2.676792860031128,
      2.6855926513671875,
      2.688511371612549,
      2.674880266189575,
      2.6767868995666504,
      2.6719298362731934,
      2.669379234313965,
      2.674403190612793,
      2.6720330715179443,
      2.673591375350952,
      2.6713645458221436,
      2.675227165222168,
      2.6808600425720215,
      2.676804542541504,
      2.6716763973236084,
      2.675445556640625,
      2.677034616470337,
      2.682154893875122,
      2.688058376312256,
      2.6780927181243896,
      2.6719610691070557,
      2.672327995300293,
      2.6759424209594727,
      2.6721863746643066,
      2.670686721801758,
      2.6795339584350586,
      2.681825637817383
    ]
  },
  "finetune": {
    "train": [
      2.7328407764434814,
      2.303760528564453,
      2.204807758331299,
      2.127136468887329,
      2.0633158683776855,
      1.9885576963424683,
      1.927697777748108,
      1.8677771091461182,
      1.8066284656524658,
      1.7495579719543457,
      1.6903434991836548
    ],
    "val": [
      2.816296100616455,
      2.8157787322998047,
      2.8505382537841797,
      2.853048086166382,
      2.877762794494629,
      2.9037086963653564,
      2.9265553951263428,
      2.9507758617401123,
      2.9771153926849365,
      2.9997525215148926,
      3.028292179107666
    ]
  }
}