{
  "pretrain": {
    "train": [
      6.407914638519287,
      3.8591721057891846,
      3.6827478408813477,
      3.335435152053833,
      3.0935497283935547,
      2.9397051334381104,
      2.841520071029663,
      2.767514705657959,
      2.6989905834198,
      2.642112970352173,
      2.605269193649292,
      2.5795164108276367,
      2.547610282897949,
      2.517244577407837,
      2.489722490310669,
      2.4538767337799072,
      2.427457094192505,
      2.4155256748199463,
      2.380730390548706,
      2.3795700073242188,
      2.3405444622039795
    ],
    "val": [
      6.407998085021973,
      3.9667716026306152,
      3.816671848297119,
      3.4952242374420166,
      3.3035895824432373,
      3.177647113800049,
      3.0744335651397705,
      3.005690574645996,
      2.958070755004883,
      2.9199087619781494,
      2.8953914642333984,
      2.8628716468811035,
      2.833986759185791,
      2.830646276473999,
      2.8065850734710693,
      2.7878851890563965,
      2.775395393371582,
      2.7724666595458984,
      2.739518642425537,
      2.748349666595459,
      2.726708173751831
    ]
  },
  "finetune": {
    "train": [
      2.9305553436279297,
      2.4587159156799316,
      2.3436625003814697,
      2.257676124572754,
      2.162456750869751
    ],
    "val": [
      2.882891893386841,
      2.8728485107421875,
      2.886523962020874,
      2.9216463565826416,
      2.9487316608428955
    ]
  }
}