{
  "pretrain": {
    "train": [
      6.40354061126709,
      3.84761118888855,
      3.6699323654174805,
      3.3020949363708496,
      3.0689010620117188,
      2.9304604530334473,
      2.8390822410583496,
      2.7585184574127197,
      2.708914279937744,
      2.6529970169067383,
      2.61676025390625,
      2.5803754329681396,
      2.5416815280914307,
      2.504819393157959,
      2.481020927429199,
      2.4533612728118896,
      2.4372901916503906,
      2.420271873474121,
      2.380429267883301,
      2.3673291206359863,
      2.3516123294830322
    ],
    "val": [
      6.4018707275390625,
      3.949455976486206,
      3.794107675552368,
      3.4816155433654785,
      3.2718749046325684,
      3.1468615531921387,
      3.052963972091675,
      2.9881768226623535,
      2.9708423614501953,
      2.915827751159668,
      2.875572919845581,
      2.8524351119995117,
      2.8396058082580566,
      2.8046507835388184,
      2.7925567626953125,
      2.7712948322296143,
      2.774771213531494,
      2.7782115936279297,
      2.746299982070923,
      2.7301201820373535,
      2.7249977588653564
    ]
  },
  "finetune": {
    "train": [
      2.9529285430908203,
      2.4594433307647705,
      2.351616621017456,
      2.2589914798736572,
      2.1664369106292725
    ],
    "val": [
      2.869098424911499,
      2.8848769664764404,
      2.9053380489349365,
      2.9259109497070312,
      2.952443838119507
    ]
  }
}