{
  "reward": [
    0.3641271043771044,
    0.3563939393939394,
    0.35510416666666667,
    0.40273490860990857,
    0.4138194444444444,
    0.37214238429492663,
    0.38446759259259256,
    0.3657182239057239,
    0.42034259259259255,
    0.4053287037037037,
    0.3380184884559885,
    0.3524785052910053,
    0.37479861111111107,
    0.328125,
    0.3531782407407407,
    0.35735119047619046,
    0.37984872581845236,
    0.3505357142857143,
    0.3551190476190476,
    0.3988937084405834,
    0.37023148148148144,
    0.3779910714285714,
    0.3443604497354497,
    0.35825940303657694,
    0.38681141774891775,
    0.3560714285714286,
    0.3318154761904762,
    0.2598675887021475,
    0.39538690476190474,
    0.27603697691197693,
    0.34317460317460313,
    0.3311138262322473,
    0.26341269841269843,
    0.26732309173669466,
    0.3468650793650794,
    0.2716815476190476,
    0.32495039682539684,
    0.2650248015873016,
    0.2607845593461265,
    0.3523859126984127,
    0.37050595238095235,
    0.3394047619047619,
    0.3745882936507936,
    0.3548462301587302,
    0.3079315476190476,
    0.43544642857142857,
    0.4140724206349206,
    0.3838392857142857,
    0.36204894179894176,
    0.33753082691409897,
    0.30157770688093266,
    0.33904065806878303,
    0.4222230201863354,
    0.33004421345261176,
    0.3156972751322751,
    0.35960732714894794,
    0.33852442752754086,
    0.4342168348429472,
    0.3629911948954859,
    0.3985675007216855
  ],
  "syllables": [
    0.7074074074074075,
    0.6166666666666667,
    0.648263888888889,
    0.5916798941798942,
    0.6626388888888889,
    0.7451851851851852,
    0.7099537037037037,
    0.5509953703703705,
    0.600925925925926,
    0.7310648148148149,
    0.5795535714285714,
    0.47791005291005295,
    0.4329861111111111,
    0.484375,
    0.4084490740740741,
    0.4547619047619048,
    0.4331845238095238,
    0.4699404761904762,
    0.3991071428571429,
    0.4174107142857143,
    0.4939814814814815,
    0.47018849206349206,
    0.39735449735449735,
    0.34226190476190477,
    0.2765873015873016,
    0.2839285714285715,
    0.2119047619047619,
    0.17708333333333334,
    0.2226190476190476,
    0.21944444444444447,
    0.22886904761904764,
    0.22936507936507936,
    0.15138888888888888,
    0.12083333333333335,
    0.2388888888888889,
    0.18690476190476193,
    0.21825396825396826,
    0.1890873015873016,
    0.23333333333333334,
    0.28675595238095236,
    0.3238095238095238,
    0.26726190476190476,
    0.2888888888888889,
    0.2967261904761905,
    0.3529265873015873,
    0.34404761904761905,
    0.4806547619047619,
    0.4446428571428572,
    0.38743386243386246,
    0.3078869047619048,
    0.29821428571428577,
    0.46987433862433864,
    0.2769345238095238,
    0.40625,
    0.2961640211640212,
    0.2702380952380952,
    0.36815476190476193,
    0.37529761904761905,
    0.29047619047619044,
    0.40669642857142857
  ],
  "rhyme": [
    0.03,
    0.05499999999999999,
    0.03,
    0.14583333333333334,
    0.1425,
    0.07166666666666666,
    0.08,
    0.07916666666666666,
    0.19,
    0.0875,
    0.0,
    0.08,
    0.125,
    0.0,
    0.1,
    0.075,
    0.1625,
    0.0375,
    0.1,
    0.2,
    0.1,
    0.1,
    0.05,
    0.1375,
    0.225,
    0.125,
    0.1,
    0.0,
    0.2375,
    0.0,
    0.08333333333333333,
    0.08333333333333333,
    0.08333333333333333,
    0.049999999999999996,
    0.13333333333333333,
    0.0,
    0.08333333333333333,
    0.0,
    0.0,
    0.12083333333333332,
    0.15,
    0.0875,
    0.15833333333333333,
    0.125,
    0.0,
    0.325,
    0.225,
    0.1375,
    0.1125,
    0.1,
    0.0375,
    0.0625,
    0.4125,
    0.1,
    0.1125,
    0.225,
    0.1375,
    0.35,
    0.2875,
    0.3125
  ],
  "structure": [
    0.9379545454545455,
    0.9090909090909091,
    0.9275925925925925,
    0.9507786195286195,
    0.9685185185185186,
    0.9343771043771043,
    0.9382407407407407,
    0.9298400673400673,
    0.9475,
    0.9907407407407407,
    0.9335437710437711,
    0.9089583333333333,
    0.9383333333333332,
    0.9322916666666666,
    0.9077777777777777,
    0.9395833333333333,
    0.9395833333333333,
    0.9618055555555556,
    0.9173611111111111,
    0.9606481481481481,
    0.9361111111111111,
    0.9699074074074074,
    0.94875,
    0.9293981481481481,
    0.9201554232804233,
    0.9255952380952381,
    0.9020833333333333,
    0.8267195767195767,
    0.9270833333333334,
    0.8702380952380953,
    0.9565145502645502,
    0.9397321428571429,
    0.716468253968254,
    0.805952380952381,
    0.898809523809524,
    0.8433035714285714,
    0.8993055555555556,
    0.8203869047619048,
    0.8086309523809524,
    0.9179232804232804,
    0.9270833333333334,
    0.9255952380952381,
    0.9412202380952381,
    0.9172453703703703,
    0.9087962962962963,
    0.9034722222222222,
    0.9200231481481481,
    0.9479166666666666,
    0.9276851851851852,
    0.9143518518518519,
    0.9228009259259259,
    0.9288425925925925,
    0.9395833333333333,
    0.9212962962962963,
    0.8996759259259258,
    0.9438657407407407,
    0.9256944444444444,
    0.9395833333333333,
    0.9071759259259259,
    0.9322916666666666
  ],
  "loss": [
    0.11755040101706982,
    0.24219875084236264,
    0.21142299845814705,
    -0.6397068854421377,
    -0.6083902586251497,
    0.2622315213084221,
    -0.04386140778660774,
    0.3844851516187191,
    -0.5002951510250568,
    -0.3149984711781144,
    0.9494337290525436,
    0.6171941664069891,
    0.24211975187063217,
    0.9377956390380859,
    0.4327832981944084,
    0.36105011217296124,
    0.028301779180765152,
    0.4823397696018219,
    0.3831237591803074,
    -0.25850536674261093,
    0.12179511785507202,
    -0.047532470896840096,
    0.5770468823611736,
    0.2971391826868057,
    -0.006571531295776367,
    0.31175635382533073,
    0.7108392482623458,
    1.9968325942754745,
    -0.3511173352599144,
    1.6445115134119987,
    0.4201127961277962,
    0.6074984893202782,
    1.6937159411609173,
    1.4749207012355328,
    0.25507359206676483,
    1.399875819683075,
    0.5263129323720932,
    1.4598219841718674,
    1.4260741099715233,
    0.015375401824712753,
    -0.2730028722435236,
    0.20450324192643166,
    -0.32995373336598277,
    0.0628322958946228,
    0.6510183997452259,
    -1.0715200789272785,
    -0.7189145460724831,
    -0.37359611690044403,
    -0.041370052844285965,
    0.29409525357186794,
    0.8563165254890919,
    0.21998585388064384,
    -0.9129207916557789,
    0.4209136310964823,
    0.5904460363090038,
    0.04112587124109268,
    0.25330763310194016,
    -1.044668734073639,
    -0.07439709827303886,
    -0.5815743766725063
  ],