{
  "reward": [
    0.36138657407407404,
    0.3439351851851852,
    0.33006944444444447,
    0.3218303571428571,
    0.38373695286195286,
    0.3248611111111111,
    0.36017676767676765,
    0.38861111111111113,
    0.34578703703703706,
    0.43393518518518515,
    0.3995092592592593,
    0.37806712962962963,
    0.30630555555555555,
    0.38483796296296297,
    0.29212962962962963,
    0.31724785052910054,
    0.29202546296296295,
    0.34271990740740743,
    0.34167493386243386,
    0.3524065806878307,
    0.32166501322751323,
    0.3423652447089947,
    0.33641699735449737,
    0.3426058201058201,
    0.3427463624338624,
    0.34803571428571434,
    0.2948263888888889,
    0.38095982142857143,
    0.31976934523809525,
    0.322765376984127,
    0.2423354828042328,
    0.2841741071428572,
    0.37162450396825397,
    0.338859126984127,
    0.2991840277777778,
    0.25043650793650796,
    0.2829980158730159,
    0.30866468253968254,
    0.31555555555555553,
    0.18364880952380952,
    0.27160119047619047,
    0.2880615079365079,
    0.2974722222222222,
    0.254,
    0.333125,
    0.3174722222222222,
    0.2455138888888889,
    0.2305813492063492,
    0.28144444444444444,
    0.31075992063492064,
    0.20621230158730158,
    0.3875138888888889,
    0.28168055555555555,
    0.2769126984126984,
    0.2608234126984127,
    0.4161904761904762,
    0.2948561507936508,
    0.2968154761904762,
    0.26535714285714285,
    0.27131746031746035,
    0.4254136904761905,
    0.36830853174603173,
    0.32443948412698415,
    0.3961011904761905,
    0.38761160714285714,
    0.32833919413919416,
    0.3215203373015873,
    0.36357886904761905,
    0.3082481166294643,
    0.32384259259259257,
    0.3144295634920635,
    0.36260416666666667,
    0.28853670634920636,
    0.3957047342719432,
    0.3561383928571429,
    0.2862946428571429,
    0.40164637736815156,
    0.31116910199175823,
    0.2837127976190476,
    0.35430731663074205,
    0.31670538913930424,
    0.44861276455026455,
    0.31022465680139677,
    0.3509160404546434,
    0.3753953675988191,
    0.29270033514745986,
    0.40627639539422333,
    0.33897741938366943,
    0.3325828765488585,
    0.3312020527323699,
    0.33809542696147377,
    0.3020346408573311,
    0.324735703461617,
    0.345561839082648,
    0.30543829269744627,
    0.31401845509893456,
    0.34767160206473896,
    0.3037785879976991,
    0.3151587301587302,
    0.3188639821056656
  ],
  "syllables": [
    0.6017361111111111,
    0.64375,
    0.6513888888888889,
    0.5485119047619048,
    0.6240740740740741,
    0.6530092592592592,
    0.6333333333333334,
    0.5824074074074075,
    0.6141203703703704,
    0.5666666666666667,
    0.5486111111111112,
    0.4556712962962963,
    0.42361111111111116,
    0.4604166666666667,
    0.4541666666666667,
    0.3654761904761905,
    0.40625,
    0.34791666666666665,
    0.39985119047619044,
    0.330952380952381,
    0.33169642857142856,
    0.36977513227513226,
    0.38095238095238093,
    0.3235119047619048,
    0.30639880952380955,
    0.33452380952380956,
    0.3061507936507937,
    0.2928571428571428,
    0.30714285714285716,
    0.16626984126984126,
    0.23581349206349206,
    0.2511904761904762,
    0.1998015873015873,
    0.14186507936507936,
    0.17539682539682538,
    0.16805555555555554,
    0.1413888888888889,
    0.042499999999999996,
    0.06666666666666667,
    0.06416666666666666,
    0.12166666666666667,
    0.08944444444444445,
    0.065,
    0.04833333333333334,
    0.04166666666666667,
    0.015,
    0.07666666666666666,
    0.032499999999999994,
    0.03666666666666667,
    0.06583333333333333,
    0.0775,
    0.04666666666666666,
    0.05499999999999999,
    0.08222222222222222,
    0.07500000000000001,
    0.075,
    0.09841269841269841,
    0.09444444444444444,
    0.1,
    0.05583333333333333,
    0.10706349206349206,
    0.1376984126984127,
    0.10079365079365078,
    0.11428571428571427,
    0.1601190476190476,
    0.17142857142857143,
    0.13253968253968254,
    0.20714285714285713,
    0.1595238095238095,
    0.27708333333333335,
    0.16468253968253968,
    0.13333333333333333,
    0.16825396825396827,
    0.128125,
    0.12083333333333332,
    0.14047619047619048,
    0.11269841269841269,
    0.1488095238095238,
    0.14285714285714285,
    0.14067460317460317,
    0.15,
    0.20267857142857143,
    0.22380952380952382,
    0.2571428571428571,
    0.18095238095238095,
    0.23809523809523808,
    0.24702380952380953,
    0.31294642857142857,
    0.3263392857142857,
    0.27901785714285715,
    0.17008928571428572,
    0.2005952380952381,
    0.16760912698412694,
    0.2136904761904762,
    0.1607142857142857,
    0.15734126984126984,
    0.13214285714285715,
    0.14404761904761904,
    0.14861111111111108,
    0.13075396825396823
  ],
  "rhyme": [
    0.14250000000000002,
    0.1,
    0.0625,
    0.075,
    0.21000000000000002,
    0.05,
    0.14583333333333331,
    0.23750000000000002,
    0.125,
    0.35,
    0.28500000000000003,
    0.25,
    0.0925,
    0.2625,
    0.0375,
    0.125,
    0.0375,
    0.1875,
    0.1625,
    0.225,
    0.1625,
    0.2,
    0.1875,
    0.225,
    0.225,
    0.1875,
    0.0625,
    0.3333333333333333,
    0.15,
    0.20833333333333331,
    0.0,
    0.075,
    0.30833333333333335,
    0.24583333333333332,
    0.13333333333333333,
    0.0,
    0.13333333333333333,
    0.25,
    0.3,
    0.0,
    0.175,
    0.20833333333333331,
    0.25,
    0.2,
    0.325,
    0.375,
    0.125,
    0.08333333333333333,
    0.25,
    0.2583333333333333,
    0.0,
    0.425,
    0.2,
    0.15833333333333333,
    0.08333333333333333,
    0.4666666666666667,
    0.18333333333333335,
    0.18333333333333332,
    0.08333333333333333,
    0.13333333333333333,
    0.4791666666666667,
    0.3125,
    0.20833333333333331,
    0.3958333333333333,
    0.3416666666666667,
    0.20416666666666666,
    0.18333333333333332,
    0.2875,
    0.1875,
    0.1625,
    0.1625,
    0.325,
    0.11249999999999999,
    0.4375,
    0.2875,
    0.125,
    0.4125,
    0.225,
    0.1,
    0.3333333333333333,
    0.26666666666666666,
    0.5375,
    0.225,
    0.2875,
    0.3875,
    0.2,
    0.45416666666666666,
    0.25,
    0.2875,
    0.25,
    0.375,
    0.175,
    0.325,
    0.3958333333333333,
    0.25,
    0.225,
    0.3875,
    0.22916666666666666,
    0.16666666666666666,
    0.2791666666666667
  ],