{
  "reward": [
    0.38453787878787876,
    0.34198232323232325,
    0.358287037037037,
    0.35074652777777776,
    0.348875,
    0.3970196759259259,
    0.350880787037037,
    0.380349041005291,
    0.32642939814814814,
    0.3919303902116402,
    0.33488425925925924,
    0.33824652777777775,
    0.4118353174603175,
    0.39655671296296297,
    0.360223544973545,
    0.3501810515873016,
    0.36628720238095236,
    0.3344560185185185,
    0.3445180224867725,
    0.29269265873015876,
    0.32659391534391535,
    0.2506696428571428,
    0.29875,
    0.30261507936507936,
    0.2761100288600289,
    0.2925297619047619,
    0.2296243919610855,
    0.26148809523809524,
    0.2702292250233427,
    0.3266587581041806,
    0.20061357786357786,
    0.22706514084507043,
    0.226,
    0.16116666666666665,
    0.21704960317460317,
    0.22596964897260274,
    0.3089722222222222,
    0.23191005459612574,
    0.13227065549864844,
    0.30981487794612794,
    0.17578700732996874,
    0.1927684402741196,
    0.17132751915752764,
    0.1257020244248505,
    0.05573167302425665,
    0.040460093896713616,
    0.08260759437321936,
    0.08033449074074074,
    0.17832592063776903,
    0.08128581331759843,
    0.0542149674470205,
    0.12344243930385235,
    0.07532940924657536,
    0.10218830035670312,
    0.09837243548670788,
    0.07334747895139686,
    0.16018919160325823,
    0.15759442189511397,
    0.11504847110215055,
    0.03377157687272314
  ],
  "syllables": [
    0.6694444444444445,
    0.6310185185185185,
    0.5944444444444444,
    0.5846064814814815,
    0.6333333333333334,
    0.6008101851851853,
    0.6012731481481481,
    0.500297619047619,
    0.4982638888888889,
    0.5610945767195767,
    0.5740740740740742,
    0.45937500000000003,
    0.4758928571428572,
    0.4322916666666667,
    0.44990079365079366,
    0.44449404761904765,
    0.4953869047619048,
    0.46458333333333335,
    0.3940476190476191,
    0.3119047619047619,
    0.3495535714285714,
    0.15873015873015872,
    0.1994047619047619,
    0.15083333333333332,
    0.10555555555555554,
    0.11805555555555555,
    0.17166666666666666,
    0.08055555555555555,
    0.10833333333333332,
    0.14194444444444443,
    0.11583333333333333,
    0.12666666666666668,
    0.04833333333333333,
    0.029999999999999992,
    0.05916666666666666,
    0.08125,
    0.11166666666666666,
    0.06791666666666667,
    0.043333333333333335,
    0.056666666666666664,
    0.022499999999999996,
    0.12291666666666667,
    0.12083333333333333,
    0.06666666666666667,
    0.012499999999999997,
    0.08055555555555556,
    0.09444444444444444,
    0.01875,
    0.01458333333333333,
    0.052777777777777785,
    0.04444444444444444,
    0.016666666666666663,
    0.0375,
    0.07291666666666666,
    0.024999999999999998,
    0.06666666666666667,
    0.03833333333333332,
    0.09791666666666667,
    0.10138888888888889,
    0.0
  ],
  "rhyme": [
    0.12166666666666667,
    0.024999999999999998,
    0.0875,
    0.0625,
    0.03,
    0.1625,
    0.06,
    0.1925,
    0.05,
    0.1625,
    0.0375,
    0.1,
    0.25,
    0.25,
    0.16,
    0.125,
    0.1375,
    0.1,
    0.1375,
    0.075,
    0.125,
    0.0,
    0.075,
    0.15,
    0.13333333333333333,
    0.18333333333333332,
    0.075,
    0.16666666666666666,
    0.16666666666666666,
    0.29166666666666663,
    0.0,
    0.125,
    0.125,
    0.0,
    0.125,
    0.2,
    0.3,
    0.2,
    0.0,
    0.375,
    0.15,
    0.15,
    0.075,
    0.0,
    0.0,
    0.0,
    0.0,
    0.075,
    0.25,
    0.075,
    0.0,
    0.25,
    0.0,
    0.125,
    0.15,
    0.0,
    0.25,
    0.2,
    0.0,
    0.0
  ],
  "structure": [
    0.9418181818181818,
    0.9493181818181817,
    0.9364814814814815,
    0.9522222222222222,
    0.9675,
    0.9675925925925926,
    0.9467592592592592,
    0.9132175925925925,
    0.9267592592592592,
    0.9710648148148148,
    0.9350925925925926,
    0.9173611111111111,
    0.9618055555555556,
    0.9268518518518518,
    0.9149537037037037,
    0.9340277777777777,
    0.9479166666666666,
    0.899074074074074,
    0.9216435185185186,
    0.9177083333333333,
    0.8966435185185185,
    0.9074404761904762,
    0.9553571428571429,
    0.8799603174603174,
    0.8452380952380953,
    0.805952380952381,
    0.7339285714285714,
    0.7309523809523809,
    0.7662698412698412,
    0.7793650793650794,
    0.748015873015873,
    0.6808333333333333,
    0.675,
    0.6266666666666666,
    0.6326984126984128,
    0.5916666666666667,
    0.6888888888888889,
    0.6394444444444445,
    0.5227777777777778,
    0.6305555555555555,
    0.5136111111111111,
    0.5666666666666667,
    0.5666666666666667,
    0.505,
    0.26,
    0.15833333333333333,
    0.34375,
    0.255,
    0.42708333333333337,
    0.30666666666666664,
    0.29375,
    0.33958333333333335,
    0.3566666666666667,
    0.3466666666666667,
    0.33416666666666667,
    0.4,
    0.42847222222222225,
    0.38666666666666666,
    0.5320833333333334,
    0.17847222222222225
  ],
  "loss": [
    0.09109681844711304,
    0.6029737535864115,
    0.2343478426337242,
    0.320447638630867,
    0.3605023475829512,
    -0.47922769375145435,
    0.31901959143579006,
    -0.2838202668353915,
    0.8631763532757759,
    -0.3233500011265278,
    0.5501577109098434,
    0.5001439340412617,
    -0.7566554620862007,
    -0.29599204659461975,
    0.2220803238451481,
    0.3543834872543812,
    0.17625241354107857,
    0.7881777137517929,
    0.4341673329472542,
    1.217789301648736,
    0.6977498829364777,
    1.8921984434127808,
    0.8754668133333325,
    0.8967418670654297,
    1.1472226530313492,
    0.9844427555799484,
    1.8209693655371666,
    1.3298301547765732,
    0.9991516629233956,
    0.2356083858758211,
    1.8883745223283768,
    1.5226063951849937,
    1.3315632082521915,
    2.169863909482956,
    1.2946804091334343,
    1.2294899225234985,
    0.11438602698035538,
    0.9821060886606574,
    2.03583562374115,
    0.054879095405340195,
    1.552041120827198,
    1.2425581142306328,
    1.456644132733345,
    1.9500777572393417,
    2.680353805422783,
    2.426906570792198,
    1.9311263263225555,
    1.8058087229728699,
    0.8822763832286,
    1.674226850271225,
    1.8021644055843353,
    1.1741171330213547,
    1.5965454280376434,
    1.2316527385264635,
    1.4498988334089518,
    1.4506062492728233,
    0.8001891225576401,
    0.777008124627173,
    1.0730042159557343,
    1.696105569601059
  ],
  "policy_loss": [
    0.11160143464803696,
    0.6255080478731543,
    0.25620895624160767,
    0.3419519513845444,
    0.38246166659519076,
    -0.4587725456804037,
    0.34002004377543926,
    -0.2628517556004226,
    0.8826572969555855,
    -0.3013964705169201,
    0.5701949447393417,
    0.5202871169894934,
    -0.7341522127389908,
    -0.27509865164756775,
    0.24294302612543106,
    0.37439094856381416,
    0.1967526599764824,
    0.8097372129559517,
    0.4554854091256857,
    1.2367685195058584,
    0.7182968072593212,
    1.9135295897722244,
    0.8973941877484322,
    0.9161889031529427,
    1.166659489274025,
    1.0049681290984154,
    1.84111987054348,
    1.3509796112775803,
    1.0193692836910486,
    0.25492315739393234,
    1.9080902636051178,
    1.5419165305793285,
    1.3511732518672943,
    2.1913115978240967,
    1.3145525604486465,
    1.2477534711360931,
    0.13564466778188944,
    1.0004097572527826,
    2.0546232908964157,
    0.07472577225416899,
    1.570010282099247,
    1.2611238695681095,
    1.4753527641296387,
    1.9672090113162994,
    2.6982916444540024,
    2.442537933588028,
    1.9471997618675232,
    1.8218630105257034,
    0.8982584150508046,
    1.6893049404025078,
    1.8156176060438156,
    1.1885522939264774,
    1.6116809844970703,
    1.2439217902719975,
    1.464623175561428,
    1.4637471958994865,
    0.8129699379205704,
    0.7915447242558002,
    1.0871846452355385,
    1.709596410393715
  ],