{
  "reward": [
    0.4736473063973064,
    0.4635925925925926,
    0.5220269360269361,
    0.4717954545454546,
    0.4741734006734007,
    0.48262962962962963,
    0.4875252525252525,
    0.47024915824915825,
    0.43353703703703705,
    0.5271388888888889,
    0.4949890572390573,
    0.43832154882154883,
    0.49804461279461276,
    0.41721127946127945,
    0.473287037037037,
    0.44925925925925925,
    0.4103299663299663,
    0.4576574074074074,
    0.4039537037037037,
    0.43849747474747475,
    0.4871847643097643,
    0.4807946127946128,
    0.4666094276094276,
    0.3994890572390572,
    0.4790867003367003,
    0.4778939393939394,
    0.44607575757575757,
    0.4471363636363636,
    0.48493939393939395,
    0.4277529461279461,
    0.4936372053872054,
    0.4531986531986532,
    0.5438838383838384,
    0.44997895622895623,
    0.43533080808080804,
    0.46514267676767673,
    0.43849537037037034,
    0.43772053872053873,
    0.4423518518518519,
    0.49700066137566135,
    0.4343888888888889,
    0.4643829365079365,
    0.43645833333333334,
    0.4784953703703704,
    0.4691296296296297,
    0.5177268518518519,
    0.47913454106280196,
    0.474244395711501,
    0.44406240487062404,
    0.3965638001014713,
    0.4675185185185185,
    0.44805555555555554,
    0.46522981481481485,
    0.43480570046456124,
    0.4527962962962963,
    0.5037344276094275,
    0.4007570227920228,
    0.4511778028028028,
    0.42513804713804715,
    0.42369444444444443,
    0.3917611111111111,
    0.41894190867003367,
    0.43131195516811954,
    0.48621566151713214,
    0.43601963996505133,
    0.5002592592592593,
    0.4744991582491582,
    0.5015252525252525,
    0.45484238215488215,
    0.49704335016835016,
    0.4276725589225589,
    0.4113892255892255,
    0.5413522727272727,
    0.5368939393939394,
    0.5102861952861952,
    0.47981154940206666,
    0.4719366836866837,
    0.4484677277488157,
    0.41268699498461014,
    0.510294277617807,
    0.528112298018762,
    0.4741940835861166,
    0.5052911287225696,
    0.5684325370732087,
    0.5056630576715131,
    0.48226005805858335,
    0.4272436335969357,
    0.3941815840302572,
    0.33929872293558555,
    0.40089675797900065,
    0.45772670179673625,
    0.4218908949220866,
    0.37951231139673236,
    0.5540950611888112,
    0.5102095323623309,
    0.46387118726415144,
    0.370286200187657,
    0.4166997057327081,
    0.45026822912250786,
    0.4509360516423936
  ],
  "syllables": [
    0.6442592592592593,
    0.562962962962963,
    0.7240740740740741,
    0.6016666666666667,
    0.6285185185185186,
    0.6331481481481482,
    0.6833333333333333,
    0.7351851851851852,
    0.5851851851851853,
    0.5944444444444444,
    0.6507407407407408,
    0.5925925925925927,
    0.576851851851852,
    0.5685185185185185,
    0.5218518518518519,
    0.6462962962962963,
    0.5880134680134681,
    0.6196759259259259,
    0.5685185185185185,
    0.5655555555555556,
    0.6962457912457913,
    0.6551851851851852,
    0.6442592592592593,
    0.5707407407407408,
    0.605925925925926,
    0.6050000000000001,
    0.5224242424242425,
    0.6175,
    0.6091666666666667,
    0.6856397306397306,
    0.6339814814814815,
    0.6171296296296297,
    0.6705555555555556,
    0.6296296296296297,
    0.6397222222222223,
    0.580763888888889,
    0.5001157407407407,
    0.5537037037037038,
    0.4502314814814815,
    0.4509755291005291,
    0.5145833333333334,
    0.426984126984127,
    0.4711805555555556,
    0.48414351851851856,
    0.5884259259259259,
    0.5575231481481482,
    0.4951388888888889,
    0.5491898148148149,
    0.48750000000000004,
    0.5530092592592593,
    0.5141203703703704,
    0.5888888888888889,
    0.5244212962962964,
    0.5842592592592593,
    0.5814814814814816,
    0.5871064814814815,
    0.5429398148148148,
    0.5751157407407408,
    0.620462962962963,
    0.5673611111111111,
    0.49722222222222223,
    0.5868350168350168,
    0.5733333333333334,
    0.5740740740740742,
    0.590462962962963,
    0.6485185185185185,
    0.6351851851851853,
    0.7241666666666666,
    0.6131228956228957,
    0.6895538720538721,
    0.5687037037037037,
    0.5837037037037037,
    0.6084090909090909,
    0.6125,
    0.6520370370370371,
    0.5422558922558923,
    0.5302819865319865,
    0.5865151515151515,
    0.49255050505050507,
    0.5609217171717172,
    0.6027651515151515,
    0.6448316498316499,
    0.5886363636363636,
    0.5288801476301477,
    0.48131313131313136,
    0.4555215617715618,
    0.4272970085470086,
    0.4077457264957265,
    0.4478632478632479,
    0.40213675213675215,
    0.43819444444444444,
    0.4623251748251749,
    0.47897727272727275,
    0.5843939393939395,
    0.522739898989899,
    0.5840782828282829,
    0.5276515151515152,
    0.46783216783216786,
    0.5182449494949495,
    0.40924145299145304
  ],
  "rhyme": [
    0.15000000000000002,
    0.18,
    0.20666666666666667,
    0.15166666666666667,
    0.1433333333333333,
    0.155,
    0.175,
    0.07166666666666666,
    0.06,
    0.28,
    0.18,
    0.07166666666666666,
    0.24333333333333335,
    0.041666666666666664,
    0.18166666666666667,
    0.05,
    0.024999999999999998,
    0.11,
    0.0,
    0.11,
    0.15833333333333333,
    0.16666666666666669,
    0.12166666666666667,
    0.0,
    0.19333333333333333,
    0.19166666666666665,
    0.175,
    0.1,
    0.18333333333333332,
    0.024999999999999998,
    0.185,
    0.1,
    0.3,
    0.09166666666666667,
    0.05,
    0.15,
    0.14250000000000002,
    0.10166666666666666,
    0.1875,
    0.3,
    0.11,
    0.255,
    0.14250000000000002,
    0.225,
    0.14250000000000002,
    0.27249999999999996,
    0.2625,
    0.23,
    0.18,
    0.0,
    0.2,
    0.1,
    0.21000000000000002,
    0.09166666666666667,
    0.11,
    0.25,
    0.0375,
    0.13,
    0.05,
    0.0625,
    0.05,
    0.07166666666666666,
    0.10833333333333332,
    0.23333333333333334,
    0.13333333333333333,
    0.18333333333333335,
    0.14166666666666666,
    0.17083333333333334,
    0.14166666666666666,
    0.17666666666666667,
    0.08,
    0.041666666666666664,
    0.33,
    0.31666666666666665,
    0.21333333333333332,
    0.2833333333333333,
    0.18476190476190474,
    0.19166666666666665,
    0.15476190476190477,
    0.39999999999999997,
    0.4797619047619048,
    0.2833333333333333,
    0.41666666666666663,
    0.7404761904761905,
    0.6309523809523809,
    0.7589285714285714,
    0.8794642857142857,
    0.7107142857142856,
    0.4758928571428571,
    0.7633928571428571,
    0.7419642857142856,
    0.6443452380952381,
    0.4107142857142857,
    0.7916666666666666,
    0.7571428571428571,
    0.5428571428571428,
    0.49404761904761907,
    0.6979166666666666,
    0.7535714285714286,
    0.8160714285714286
  ],