{
  "reward": [
    0.44775,
    0.4274991582491582,
    0.4792491582491582,
    0.49844191919191916,
    0.44997112654320987,
    0.46961026936026934,
    0.4695740740740741,
    0.49094907407407407,
    0.45612037037037034,
    0.4617685185185185,
    0.4929520202020202,
    0.40699831649831647,
    0.4214203042328042,
    0.44289814814814815,
    0.4808055555555556,
    0.4065925925925926,
    0.41305555555555556,
    0.49162962962962964,
    0.5210648148148148,
    0.4534074074074074,
    0.5045462962962963,
    0.43997601010101006,
    0.45671296296296293,
    0.49988804713804713,
    0.4719596560846561,
    0.4870993265993266,
    0.4278796296296296,
    0.43872685185185184,
    0.5042777777777778,
    0.47145370370370376,
    0.41237878787878784,
    0.4592222222222222,
    0.49212962962962964,
    0.5114993386243386,
    0.42819276094276093,
    0.37011754449254447,
    0.3862129629629629,
    0.44708796296296294,
    0.4253472222222222,
    0.4288888888888889,
    0.38555555555555554,
    0.41338161375661375,
    0.3577511865954096,
    0.4611207084326949,
    0.4001190476190476,
    0.4533287037037037,
    0.39148280423280424,
    0.43559391534391534,
    0.39714285714285713,
    0.4007043650793651,
    0.3922420634920635,
    0.38047619047619047,
    0.4014074074074074,
    0.4208592372134039,
    0.41550595238095234,
    0.37083773730429004,
    0.38577281746031744,
    0.41513538846621867,
    0.42984623015873014,
    0.4252281746031746,
    0.39055555555555554,
    0.3828985197148771,
    0.36283730158730154,
    0.360094246031746,
    0.40805555555555556,
    0.4094530026008151,
    0.42409722222222224,
    0.4128571428571428,
    0.3390079365079365,
    0.3827678571428571,
    0.4297916666666667,
    0.42702380952380947,
    0.3881944444444444,
    0.3690376754195602,
    0.3638095238095238,
    0.38425099206349206,
    0.37684027777777773,
    0.4171428571428571,
    0.3889087301587301,
    0.4083085317460317,
    0.38526289682539683,
    0.38142063492063494,
    0.3718005952380952,
    0.4066765873015873,
    0.3705555555555555,
    0.37581845238095235,
    0.36746031746031743,
    0.4400839947089947,
    0.365625,
    0.31603670634920633,
    0.40092261904761906,
    0.31091269841269836,
    0.39567956349206346,
    0.43882684313165904,
    0.38685188926873926,
    0.42533234126984126,
    0.3183323412698413,
    0.3707440476190476,
    0.40579820419693297,
    0.36430555555555555
  ],
  "syllables": [
    0.6326388888888889,
    0.6435185185185186,
    0.6215740740740741,
    0.5859722222222222,
    0.6497685185185186,
    0.619212962962963,
    0.6453703703703704,
    0.6575231481481482,
    0.656712962962963,
    0.6377314814814815,
    0.6581944444444444,
    0.5443981481481481,
    0.6218584656084656,
    0.6060185185185185,
    0.5916666666666667,
    0.525462962962963,
    0.5791666666666667,
    0.6481481481481481,
    0.6740740740740742,
    0.5370370370370371,
    0.5814814814814815,
    0.6260416666666667,
    0.6162037037037037,
    0.6787962962962963,
    0.6193121693121694,
    0.5825925925925927,
    0.6446759259259259,
    0.5755787037037037,
    0.6402777777777778,
    0.5733796296296296,
    0.535,
    0.5875,
    0.557175925925926,
    0.5431216931216931,
    0.5842592592592593,
    0.470707671957672,
    0.4682870370370371,
    0.5221064814814815,
    0.4822916666666667,
    0.4375,
    0.4833333333333334,
    0.5153108465608466,
    0.41871693121693127,
    0.4238921957671958,
    0.41205357142857146,
    0.4549768518518519,
    0.3666501322751323,
    0.34720568783068784,
    0.3638392857142857,
    0.42400793650793656,
    0.4035714285714286,
    0.4180059523809524,
    0.312037037037037,
    0.35848214285714286,
    0.41398809523809527,
    0.41843584656084654,
    0.3574404761904762,
    0.4330357142857143,
    0.3483630952380952,
    0.3244047619047619,
    0.384375,
    0.37083333333333335,
    0.3398809523809524,
    0.3138392857142857,
    0.37083333333333335,
    0.31746031746031744,
    0.446875,
    0.3392857142857143,
    0.29851190476190476,
    0.3419642857142857,
    0.40208333333333335,
    0.42157738095238095,
    0.325,
    0.4229166666666667,
    0.35967261904761905,
    0.33705357142857145,
    0.36250000000000004,
    0.3607142857142857,
    0.33690476190476193,
    0.3757440476190476,
    0.36294642857142856,
    0.2825892857142857,
    0.29389880952380953,
    0.3549107142857143,
    0.375,
    0.2922619047619048,
    0.31889880952380956,
    0.3175925925925926,
    0.2619543650793651,
    0.23154761904761906,
    0.32023809523809527,
    0.22589285714285712,
    0.3025297619047619,
    0.3011904761904762,
    0.24345238095238092,
    0.2941964285714286,
    0.2308730158730159,
    0.23095238095238094,
    0.2654761904761905,
    0.2152777777777778
  ],
  "rhyme": [
    0.09,
    0.05,
    0.19166666666666668,
    0.25416666666666665,
    0.1175,
    0.16666666666666666,
    0.15000000000000002,
    0.1625,
    0.0925,
    0.1225,
    0.17916666666666667,
    0.0625,
    0.0625,
    0.0925,
    0.1725,
    0.05,
    0.075,
    0.16999999999999998,
    0.24,
    0.16,
    0.26,
    0.0875,
    0.13,
    0.21333333333333332,
    0.15000000000000002,
    0.2125,
    0.03,
    0.1,
    0.21250000000000002,
    0.1875,
    0.075,
    0.16,
    0.225,
    0.28,
    0.08,
    0.0,
    0.0625,
    0.14250000000000002,
    0.1,
    0.1625,
    0.0,
    0.0625,
    0.0,
    0.2875,
    0.1,
    0.21250000000000002,
    0.0925,
    0.2125,
    0.1,
    0.0875,
    0.075,
    0.0375,
    0.2125,
    0.1875,
    0.1375,
    0.0375,
    0.1,
    0.1375,
    0.2125,
    0.2,
    0.1,
    0.1,
    0.0625,
    0.0625,
    0.1625,
    0.2125,
    0.125,
    0.1625,
    0.0375,
    0.125,
    0.1625,
    0.1625,
    0.125,
    0.0375,
    0.0625,
    0.1,
    0.0625,
    0.1625,
    0.1,
    0.125,
    0.1,
    0.125,
    0.1,
    0.1625,
    0.0375,
    0.0875,
    0.075,
    0.30833333333333335,
    0.075,
    0.0,
    0.1875,
    0.0,
    0.1625,
    0.2708333333333333,
    0.2125,
    0.225,
    0.0375,
    0.11249999999999999,
    0.225,
    0.1
  ],